key, value
zsFAhdy1y, 10
PWP7ajE1, 40
xAzHdFq, 2
wx6j, 48
n7pY, 34
7xlM, 22
7aYyy, 90
PWP7ajE1, 56
6MM, 49
6DovP4gk, 52
n7pY, 16
TlAE, 13
n7pY, 6
7aYyy, 93
gDy4, 87
7aYyy, 64
eB2X9s66ZM, 24
PWP7ajE1, 53
gDy4, 24
ksn, 54
PBDhGUnfFs, 41
tPevyH1VC, 79
7aYyy, 36
n7pY, 98
gDy4, 21
wx6j, 58
PBDhGUnfFs, 81
PWP7ajE1, 56
zsFAhdy1y, 18
uDuKTFcA, 41
7xlM, 47
wx6j, 61
VRxg4D, 95
rLF, 25
WFRn, 19
VRxg4D, 74
wx6j, 49
TlAE, 61
6DovP4gk, 78
VRxg4D, 40
6MM, 64
n7pY, 34
TlAE, 69
TlAE, 37
zsFAhdy1y, 61
TlAE, 3
TlAE, 56
wx6j, 61
xAzHdFq, 11
rLF, 90
ksn, 89
eB2X9s66ZM, 8
xAzHdFq, 24
n7pY, 95
gDy4, 87
tPevyH1VC, 68
gDy4, 35
WFRn, 20
eB2X9s66ZM, 60
fTLU837, 79
zsFAhdy1y, 77
tPevyH1VC, 87
rLF, 91
zsFAhdy1y, 15
gDy4, 28
7aYyy, 83
6DovP4gk, 29
7xlM, 85
n7pY, 17
7xlM, 95
7xlM, 46
eB2X9s66ZM, 22
eB2X9s66ZM, 51
rLF, 14
xAzHdFq, 34
rLF, 59
VRxg4D, 44
wx6j, 87
7aYyy, 39
WFRn, 14
n7pY, 27
fTLU837, 23
fTLU837, 1
WFRn, 63
ksn, 74
gDy4, 56
7xlM, 44
PBDhGUnfFs, 29
wx6j, 61
6DovP4gk, 61
6DovP4gk, 54
eB2X9s66ZM, 77
7aYyy, 66
fTLU837, 23
WFRn, 73
eB2X9s66ZM, 5
ksn, 24
6MM, 61
PBDhGUnfFs, 41
rLF, 9
7aYyy, 28
uDuKTFcA, 93
n7pY, 5
n7pY, 52
n7pY, 33
TlAE, 53
TlAE, 93
gDy4, 34
uDuKTFcA, 54
7xlM, 34
7xlM, 86
fTLU837, 65
6MM, 85
7xlM, 68
tPevyH1VC, 40
fTLU837, 36
gDy4, 15
6MM, 54
6MM, 75
WFRn, 87
zsFAhdy1y, 70
zsFAhdy1y, 79
WFRn, 76
VRxg4D, 21
fTLU837, 98
VRxg4D, 55
eB2X9s66ZM, 40
6MM, 65
gDy4, 33
ksn, 61
6MM, 41
TlAE, 92
xAzHdFq, 41
PBDhGUnfFs, 21
PBDhGUnfFs, 97
ksn, 15
7aYyy, 94
TlAE, 34
eB2X9s66ZM, 11
TlAE, 24
6MM, 88
TlAE, 0
eB2X9s66ZM, 88
zsFAhdy1y, 16
6MM, 19
gDy4, 41
7aYyy, 2
7xlM, 99
wx6j, 87
6MM, 79
VRxg4D, 49
zsFAhdy1y, 22
uDuKTFcA, 23
fTLU837, 36
eB2X9s66ZM, 54
WFRn, 29
WFRn, 21
n7pY, 9
PBDhGUnfFs, 41
6MM, 95
rLF, 63
n7pY, 36
7aYyy, 35
rLF, 62
wx6j, 24
6DovP4gk, 78
zsFAhdy1y, 59
7xlM, 97
tPevyH1VC, 77
wx6j, 47
VRxg4D, 0
WFRn, 13
7aYyy, 44
fTLU837, 39
uDuKTFcA, 4
7aYyy, 55
VRxg4D, 80
uDuKTFcA, 69
7aYyy, 40
fTLU837, 30
eB2X9s66ZM, 79
7aYyy, 67
7aYyy, 91
wx6j, 31
TlAE, 93
ksn, 29
6MM, 3
6MM, 39
fTLU837, 7
WFRn, 60
7aYyy, 71
TlAE, 27
ksn, 60
fTLU837, 93
7aYyy, 49
tPevyH1VC, 86
zsFAhdy1y, 9
gDy4, 58
fTLU837, 34
fTLU837, 67
xAzHdFq, 93
VRxg4D, 69
PWP7ajE1, 78
6MM, 76
rLF, 61
7aYyy, 99
PBDhGUnfFs, 72
rLF, 14
gDy4, 51
tPevyH1VC, 82
7xlM, 28
wx6j, 71
rLF, 94
wx6j, 56
uDuKTFcA, 83
wx6j, 44
uDuKTFcA, 22
VRxg4D, 55
6DovP4gk, 34
tPevyH1VC, 5
PWP7ajE1, 82
zsFAhdy1y, 35
gDy4, 39
wx6j, 62
7aYyy, 89
WFRn, 21
xAzHdFq, 63
PWP7ajE1, 31
xAzHdFq, 42
6MM, 26
6DovP4gk, 14
PBDhGUnfFs, 40
rLF, 65
fTLU837, 69
tPevyH1VC, 15
fTLU837, 42
uDuKTFcA, 72
PWP7ajE1, 36
zsFAhdy1y, 89
xAzHdFq, 5
WFRn, 20
uDuKTFcA, 7
eB2X9s66ZM, 47
fTLU837, 41
6DovP4gk, 67
ksn, 48
6MM, 35
fTLU837, 7
rLF, 28
WFRn, 79
gDy4, 0
ksn, 61
xAzHdFq, 20
n7pY, 46
VRxg4D, 18
tPevyH1VC, 33
6DovP4gk, 88
6MM, 18
gDy4, 25
VRxg4D, 32
wx6j, 50
TlAE, 29
6DovP4gk, 95
7xlM, 44
uDuKTFcA, 92
PBDhGUnfFs, 47
6MM, 80
uDuKTFcA, 47
7xlM, 38
zsFAhdy1y, 73
7aYyy, 8
zsFAhdy1y, 66
7xlM, 80
zsFAhdy1y, 77
TlAE, 90
wx6j, 42
xAzHdFq, 26
7aYyy, 77
6MM, 17
ksn, 76
TlAE, 25
wx6j, 20
7xlM, 38
tPevyH1VC, 38
VRxg4D, 59
wx6j, 60
gDy4, 38
zsFAhdy1y, 69
PWP7ajE1, 36
xAzHdFq, 97
wx6j, 53
n7pY, 92
VRxg4D, 14
ksn, 87
WFRn, 96
zsFAhdy1y, 89
rLF, 1
rLF, 31
xAzHdFq, 7
PWP7ajE1, 67
uDuKTFcA, 22
xAzHdFq, 97
uDuKTFcA, 84
gDy4, 33
gDy4, 24
uDuKTFcA, 36
PBDhGUnfFs, 13
eB2X9s66ZM, 1
WFRn, 89
uDuKTFcA, 98
tPevyH1VC, 3
uDuKTFcA, 93
eB2X9s66ZM, 49
WFRn, 4
PBDhGUnfFs, 89
PWP7ajE1, 26
6MM, 70
6DovP4gk, 35
7xlM, 85
TlAE, 81
6MM, 59
zsFAhdy1y, 18
PWP7ajE1, 61
WFRn, 32
rLF, 4
6MM, 84
uDuKTFcA, 98
tPevyH1VC, 23
7aYyy, 9
ksn, 72
rLF, 9
PWP7ajE1, 90
PWP7ajE1, 50
TlAE, 54
6MM, 81
uDuKTFcA, 37
tPevyH1VC, 19
7xlM, 17
eB2X9s66ZM, 53
tPevyH1VC, 98
xAzHdFq, 9
6MM, 15
eB2X9s66ZM, 83
gDy4, 28
tPevyH1VC, 44
WFRn, 0
ksn, 53
TlAE, 16
wx6j, 29
PBDhGUnfFs, 20
6MM, 44
7xlM, 48
7xlM, 57
uDuKTFcA, 31
uDuKTFcA, 47
VRxg4D, 30
fTLU837, 72
6MM, 48
xAzHdFq, 93
7xlM, 62
6MM, 79
n7pY, 37
zsFAhdy1y, 15
rLF, 52
zsFAhdy1y, 97
TlAE, 31
WFRn, 25
uDuKTFcA, 46
zsFAhdy1y, 75
xAzHdFq, 70
xAzHdFq, 43
VRxg4D, 6
n7pY, 39
PWP7ajE1, 48
6MM, 0
fTLU837, 7
rLF, 17
PBDhGUnfFs, 59
6MM, 8
gDy4, 79
zsFAhdy1y, 59
PWP7ajE1, 4
TlAE, 34
6DovP4gk, 64
zsFAhdy1y, 77
eB2X9s66ZM, 77
fTLU837, 45
uDuKTFcA, 72
n7pY, 13
6MM, 91
PWP7ajE1, 49
ksn, 86
VRxg4D, 79
6DovP4gk, 76
ksn, 58
uDuKTFcA, 19
6DovP4gk, 78
gDy4, 75
tPevyH1VC, 60
eB2X9s66ZM, 55
uDuKTFcA, 3
6DovP4gk, 43
ksn, 82
7aYyy, 39
wx6j, 75
TlAE, 91
zsFAhdy1y, 19
eB2X9s66ZM, 49
gDy4, 60
wx6j, 89
6DovP4gk, 9
PWP7ajE1, 39
VRxg4D, 29
fTLU837, 57
n7pY, 41
tPevyH1VC, 19
uDuKTFcA, 98
zsFAhdy1y, 80
6DovP4gk, 34
wx6j, 64
wx6j, 23
PBDhGUnfFs, 17
6DovP4gk, 74
6MM, 63
7xlM, 97
fTLU837, 85
PBDhGUnfFs, 99
n7pY, 17
xAzHdFq, 47
TlAE, 6
fTLU837, 24
gDy4, 45
fTLU837, 94
VRxg4D, 12
tPevyH1VC, 5
n7pY, 22
fTLU837, 63
ksn, 75
VRxg4D, 96
fTLU837, 31
fTLU837, 74
7aYyy, 3
7aYyy, 33
WFRn, 21
uDuKTFcA, 42
tPevyH1VC, 92
wx6j, 17
zsFAhdy1y, 9
zsFAhdy1y, 82
6MM, 68
rLF, 58
rLF, 58
fTLU837, 85
wx6j, 56
wx6j, 82
6MM, 27
uDuKTFcA, 36
7aYyy, 64
gDy4, 91
VRxg4D, 39
gDy4, 44
gDy4, 30
VRxg4D, 37
xAzHdFq, 82
fTLU837, 71
VRxg4D, 57
PBDhGUnfFs, 69
PBDhGUnfFs, 35
tPevyH1VC, 96
6MM, 89
eB2X9s66ZM, 19
tPevyH1VC, 26
PWP7ajE1, 45
7xlM, 60
wx6j, 0
wx6j, 21
7aYyy, 19
VRxg4D, 55
wx6j, 92
7xlM, 26
wx6j, 94
fTLU837, 91
uDuKTFcA, 80
PWP7ajE1, 74
rLF, 75
eB2X9s66ZM, 11
VRxg4D, 63
uDuKTFcA, 88
eB2X9s66ZM, 93
PBDhGUnfFs, 2
7aYyy, 42
7xlM, 95
tPevyH1VC, 1
rLF, 11
ksn, 60
rLF, 9
zsFAhdy1y, 14
PWP7ajE1, 48
tPevyH1VC, 46
n7pY, 90
7xlM, 79
gDy4, 52
6MM, 25
VRxg4D, 12
eB2X9s66ZM, 5
PWP7ajE1, 99
WFRn, 23
tPevyH1VC, 33
TlAE, 34
VRxg4D, 97
rLF, 59
PBDhGUnfFs, 96
tPevyH1VC, 5
gDy4, 86
tPevyH1VC, 23
TlAE, 89
eB2X9s66ZM, 98
fTLU837, 32
7xlM, 36
rLF, 36
eB2X9s66ZM, 80
uDuKTFcA, 44
7xlM, 66
TlAE, 43
rLF, 55
VRxg4D, 39
PWP7ajE1, 83
7aYyy, 2
PBDhGUnfFs, 34
PBDhGUnfFs, 11
PBDhGUnfFs, 10
VRxg4D, 59
zsFAhdy1y, 66
PBDhGUnfFs, 4
PBDhGUnfFs, 2
uDuKTFcA, 86
PWP7ajE1, 48
TlAE, 10
PWP7ajE1, 43
eB2X9s66ZM, 93
ksn, 81
PBDhGUnfFs, 78
eB2X9s66ZM, 89
gDy4, 95
TlAE, 75
PWP7ajE1, 43
uDuKTFcA, 94
ksn, 82
xAzHdFq, 50
6MM, 30
PWP7ajE1, 48
6MM, 61
fTLU837, 20
PWP7ajE1, 9
rLF, 46
fTLU837, 89
wx6j, 17
eB2X9s66ZM, 33
wx6j, 5
wx6j, 66
n7pY, 0
TlAE, 53
zsFAhdy1y, 54
7aYyy, 98
zsFAhdy1y, 87
rLF, 67
6DovP4gk, 14
n7pY, 30
uDuKTFcA, 85
TlAE, 1
TlAE, 32
uDuKTFcA, 18
n7pY, 70
tPevyH1VC, 0
fTLU837, 7
6DovP4gk, 97
xAzHdFq, 23
VRxg4D, 42
6DovP4gk, 56
TlAE, 24
ksn, 86
n7pY, 0
rLF, 88
TlAE, 83
wx6j, 64
PWP7ajE1, 91
PBDhGUnfFs, 61
6DovP4gk, 35
WFRn, 29
WFRn, 61
wx6j, 63
zsFAhdy1y, 47
VRxg4D, 44
tPevyH1VC, 38
n7pY, 57
7xlM, 51
tPevyH1VC, 56
rLF, 50
gDy4, 22
6DovP4gk, 57
ksn, 99
rLF, 41
ksn, 84
eB2X9s66ZM, 63
rLF, 34
WFRn, 97
VRxg4D, 33
n7pY, 81
PBDhGUnfFs, 3
PWP7ajE1, 68
6MM, 41
VRxg4D, 30
6MM, 2
gDy4, 81
tPevyH1VC, 16
6DovP4gk, 3
ksn, 59
VRxg4D, 96
eB2X9s66ZM, 10
6DovP4gk, 98
TlAE, 95
gDy4, 78
VRxg4D, 86
TlAE, 96
6MM, 85
n7pY, 10
gDy4, 32
xAzHdFq, 42
6DovP4gk, 7
eB2X9s66ZM, 28
uDuKTFcA, 4
eB2X9s66ZM, 57
7aYyy, 48
tPevyH1VC, 14
PBDhGUnfFs, 39
wx6j, 49
ksn, 1
PBDhGUnfFs, 43
rLF, 55
n7pY, 69
n7pY, 61
n7pY, 9
xAzHdFq, 74
uDuKTFcA, 38
6DovP4gk, 98
6MM, 64
gDy4, 44
ksn, 58
TlAE, 53
tPevyH1VC, 33
PWP7ajE1, 23
gDy4, 10
VRxg4D, 61
ksn, 52
xAzHdFq, 20
6MM, 32
6DovP4gk, 69
7xlM, 98
uDuKTFcA, 62
VRxg4D, 84
VRxg4D, 0
xAzHdFq, 16
n7pY, 0
ksn, 60
xAzHdFq, 47
7aYyy, 75
VRxg4D, 93
PBDhGUnfFs, 51
fTLU837, 26
wx6j, 42
TlAE, 58
VRxg4D, 18
uDuKTFcA, 41
tPevyH1VC, 7
PWP7ajE1, 57
7aYyy, 2
ksn, 94
6DovP4gk, 3
n7pY, 69
VRxg4D, 78
PWP7ajE1, 46
tPevyH1VC, 39
gDy4, 80
7xlM, 19
eB2X9s66ZM, 15
uDuKTFcA, 4
PWP7ajE1, 29
VRxg4D, 83
n7pY, 93
xAzHdFq, 4
uDuKTFcA, 71
tPevyH1VC, 91
7aYyy, 74
WFRn, 49
rLF, 28
TlAE, 88
ksn, 24
WFRn, 75
fTLU837, 14
fTLU837, 50
